Method,MSE,RMSE,PSNR,SSIM,UQI,MS-SSIM,ERGAS,SCC,SAM,VIF
SwinIR,238.39586776533937,14.537683172364318,25.445696927232884,0.8349271948155468,0.977467826880567,0.9495682787718548,7209.02272806289,0.2626330761725011,0.1143382151502454,0.37222293568946435
RCAN-IT,246.3509015600666,14.780449225599908,25.30330712507187,0.8268280266552085,0.975783577551082,0.9464329272536947,7602.606594003158,0.2478686445779415,0.1159867425077962,0.3607070432998735
Lanczos,300.35693915373355,16.345658575498966,24.422905469644952,0.7892894014021682,0.97479513108473,0.9298626697805101,8043.042095131627,0.1870794905338961,0.12832332462610133,0.32048884716713927
Bicubic,319.05282039268343,16.861670646944933,24.143375525210885,0.7747065610301771,0.973987468740258,0.9231445265287302,8197.977741099397,0.1663620688254347,0.13241481066768745,0.30695464929885147
