Method,MSE,RMSE,PSNR,SSIM,UQI,MS-SSIM,ERGAS,SCC,SAM,VIF
SwinIR,50.70795330970116,6.651600855662337,32.30488447022266,0.9652113086741156,0.9946192067668799,0.9922138249397158,3405.3741027612296,0.6697409441871416,0.051843578625099244,0.6158208010126905
RCAN-IT,85.39683821933723,8.643202029404323,30.00680532526539,0.9439471713314674,0.9908014415081674,0.97958914740798,4346.090712557494,0.627550587105605,0.06776229420506777,0.5450251731105608
Lanczos,88.0290206959045,8.741464958010237,29.979701095829938,0.943472675254821,0.9927583495722121,0.9797190830501387,4233.664775749928,0.6221093415317197,0.06787167850834733,0.5436624889688052
Bicubic,88.71880592396057,8.790836612695164,29.914169926774928,0.9422843222309045,0.9928538650445489,0.9790610438733396,4211.123317615605,0.627485782687523,0.06828177485641004,0.539967828245419
Bilinear,115.47084955452316,10.073925118733518,28.685565389044505,0.9215397977278215,0.9907631666005848,0.9719445528564349,4823.647457239066,0.6131707286559365,0.07825297405665989,0.5001746956142197
Nearest,181.34770379658616,12.735428540444753,26.55820407407924,0.9054610302116397,0.9869620124100095,0.9710271015467921,6080.317916463247,0.4488950563516339,0.09967046554382891,0.4446615390916316
